StoreName,StoreType,StoreOpeningDate,Address,City,State,Country,Region,Manager Name
The Luxe Treasures,SMB,1974-11-13,565 Smith Lakes Harrisville  GU 70393,Charlesmouth,New Hampshire,Hong Kong,North,Ashley
The Serene Oasis,Outlet Stores,1981-06-03,761 Mark Park Suite 670 Lake Kristaland  MP 87611,South Ericashire,Utah,Montserrat,West,Jessica
The Enchanted Closet,Outlet Stores,2009-04-03,33719 Lopez Mountains Chasetown  CT 28781,New William,Wisconsin,Burundi,East,David
The Chic Hub,MBO,1971-08-07,6681 Brenda Way New Edwardton  MA 71144,New Michael,Oklahoma,Pitcairn Islands,West,Regina
The Harmony Haven,Outlet Stores,1976-04-23,9684 Elizabeth Crescent Lake Mark  UT 09505,Jeffreytown,Maryland,Tuvalu,South,David
The Urban Marketplace,MBO,2017-12-03,22176 Davis Place New Natalie  NY 09659,Lake Carlos,Louisiana,Puerto Rico,North,Theresa
The Majestic Creations,Outlet Stores,2022-04-10,Unit 2097 Box 7943 DPO AP 22607,Phyllismouth,Louisiana,Guam,West,Holly
The Polished Merchant,Outlet Stores,1993-08-10,3624 Richard Estates Apt. 206 Lake Amy  HI 07137,East Matthewshire,Nebraska,Eritrea,West,Joshua
The Elegant Marvels,SMB,1989-09-04,6101 Gutierrez Crest New Meganmouth  KS 61931,Lake Zacharyview,Texas,Pitcairn Islands,West,Dale
The Luxe Merchant,SMB,2003-04-15,USNV Summers FPO AE 17880,Wangside,Kansas,Mayotte,North,Donald
The Serene Marketplace,SMB,1987-06-11,4593 Chad Keys Suite 440 West Annemouth  NH 85827,Scotttown,New Hampshire,Liberia,South,Shirley
The Happy Hub,Outlet Stores,2014-12-02,87499 Kent Glens Apt. 264 Pittmanland  AS 08987,Lake Richardport,Maine,Jamaica,South,Patricia
The Dapper Emporium,Outlet Stores,1987-11-07,15973 Jordan Walks New Joel  CO 33628,East Sydneystad,Wisconsin,Ireland,South,Cynthia
The Blissful Emporium,Exclusive,2018-06-15,3740 Cameron Branch Suite 866 West Susanburgh  AS 77512,Morganstad,Idaho,Samoa,West,Zachary
The Urban Marketplace,SMB,1982-11-15,91819 Steven Islands Apt. 304 North Jenniferhaven  PA 18962,Blakeborough,Idaho,Armenia,West,Amy
The Elegant Nook,SMB,1987-10-16,197 Nancy Village Apt. 312 South Thomasberg  NJ 17184,New Jerry,New Jersey,Malta,South,Sandra
The Stylish Haven,MBO,1975-02-26,42611 Phelps Ramp Adamton  MH 36420,Lake Jeff,Iowa,Japan,South,Michael
The Dapper Essentials,Exclusive,1995-03-08,387 Taylor Crescent Apt. 610 Wesleytown  OK 37273,Wendyburgh,Missouri,Libyan Arab Jamahiriya,East,Kelly
The Cozy Haven,MBO,1975-04-26,193 Amanda Flat Port Andrew  UT 93137,Port Gabrielfort,West Virginia,Malaysia,East,Kim
The Purely Creations,MBO,2004-12-01,67853 Hall Crescent South Charles  OH 31678,Summershaven,Vermont,Korea,East,Stacy
The Blissful Oasis,SMB,2005-12-09,1801 Livingston Dam Suite 955 Bethanyfort  OK 62782,New Gabriella,Montana,Australia,East,Rebecca
The Timeless Quest,SMB,1977-10-18,9731 Lynn Vista Apt. 993 South Christiantown  AZ 91119,Paulchester,Iowa,India,South,Stephanie
The Dapper Deals,Outlet Stores,1993-03-25,222 Janice Fields Apt. 659 West Michael  WI 98528,New Lauraside,Delaware,Equatorial Guinea,East,Kaitlyn
The Eclectic Hub,Outlet Stores,2007-09-12,23326 Schmidt Plains Apt. 595 Brooksborough  WY 17832,North Davidmouth,Maryland,Madagascar,West,Chris
The Rustic Sanctuary,SMB,2011-06-28,217 Barr Walks South Sarah  KS 47080,East Brandyhaven,Nebraska,Jamaica,North,Kevin
The Stylish Quest,Outlet Stores,1980-07-11,334 Jennifer Turnpike Apt. 041 Sextonside  RI 98829,Smithbury,Mississippi,Iran,South,Barbara
The Radiant Marketplace,SMB,1984-04-24,98878 Johnson Bypass Rodriguezbury  ID 01457,Meyerberg,West Virginia,Mexico,North,Mindy
The Artisan Sanctuary,Exclusive,1975-02-02,57573 Miller Heights Suite 721 South Cathyton  GU 33211,North Robertfort,Colorado,Congo,East,Kayla
The Happy Creations,SMB,2021-05-28,Unit 2844 Box 7051 DPO AA 12093,Robertside,New Mexico,Guyana,South,Eric
The Artisan Deals,Outlet Stores,2022-02-13,2008 Nancy Rapids Apt. 472 East Lisabury  WY 77465,East Stanleyville,Louisiana,Denmark,West,Angela
The Elegant Perfection,SMB,2012-03-26,37988 Amy Landing Williamshaven  AL 86014,Kimberlybury,Connecticut,Somalia,East,Mark
The Blissful Elegance,MBO,1985-06-02,27453 Rachel Plains Castrotown  MI 19548,New Michaelside,Georgia,Cameroon,East,Jacob
The Shimmer Deals,Outlet Stores,1974-07-23,830 Kaitlyn Summit Suite 544 Benitezland  VT 02834,Stantontown,Connecticut,Kenya,West,Mark
The Golden Vault,Outlet Stores,1988-12-10,3569 Katrina Spur North Alexis  NH 43031,Stevensview,Maryland,Poland,West,Pamela
The Classy Vault,Exclusive,2014-05-04,1956 Brewer Orchard Suite 680 Carrmouth  MD 68591,Gibbsfurt,Hawaii,Singapore,North,Jason
The Urban Marvels,Exclusive,2019-07-22,424 Williams Estates Wallaceburgh  CA 83100,Stewartton,Hawaii,French Southern Territories,South,Kimberly
The Elegant Marvels,SMB,1971-02-07,74595 Cole Station Apt. 222 Tiffanyside  KS 33326,Olsenland,Hawaii,Bahrain,South,Bradley
The Eclectic Hub,SMB,1977-08-22,1191 Linda Summit Apt. 253 Port Steven  VA 17099,Lake Catherine,Kentucky,Morocco,South,Sheila
The Shimmer Shop,Outlet Stores,1970-06-10,107 Morton Cape Apt. 679 Lake Eric  HI 37394,Brianborough,Michigan,Gambia,East,Alexandra
The Cozy Sanctuary,Outlet Stores,1983-12-23,536 Marks Harbors East Molly  NY 43568,Meganstad,Connecticut,Micronesia,West,Keith
The Stylish Loft,Exclusive,2007-01-01,7387 Marissa Tunnel Katherinetown  IA 19260,Port Rhonda,Montana,Mali,West,Andrew
The Luxe Avenue,Exclusive,2013-06-29,PSC 7744  Box 3589 APO AP 03565,Ricardofurt,Colorado,Poland,North,John
The Chic Hub,Exclusive,2019-11-12,968 Moore Stravenue New Christophershire  NH 83791,South Devon,South Dakota,Jersey,West,Juan
The Purely Finds,SMB,2005-01-23,27858 Moore Bypass Apt. 762 East Rebekah  CA 73074,Jacobville,Delaware,Liberia,East,Holly
The Stylish Hub,MBO,2008-05-09,USNS Caldwell FPO AE 63321,West Joshua,Iowa,Colombia,South,Michael
The Harmony Quest,Exclusive,1982-12-29,3572 Jessica Pine Suite 638 Lake Catherinemouth  NV 76512,West Nathan,Tennessee,Belize,West,Pamela
The Dapper Vault,Outlet Stores,1970-12-13,89940 Gibson Terrace Suite 899 Micheleborough  MP 09843,Brandonshire,Illinois,Norfolk Island,North,Donna
The Chic Oasis,Outlet Stores,2011-11-24,4816 Thomas Loop North Donald  AS 35837,New Peter,Rhode Island,Netherlands Antilles,North,Brittany
The Elegant Marketplace,SMB,2011-12-23,54697 Teresa Mountain Suite 526 Westborough  UT 56703,Charlesside,New Hampshire,Guadeloupe,North,Daniel
The Vintage Finds,SMB,2001-05-20,25558 Sullivan Course Port Roberthaven  AR 82426,South Jessefurt,Michigan,Mauritania,South,Pamela
The Eclectic Shoppe,Outlet Stores,2017-05-10,31444 Ford Station Apt. 973 Lake Jason  IA 86415,Thomaschester,North Dakota,Jersey,North,Nichole
The Vintage Shop,Outlet Stores,1989-03-06,445 Blevins Vista Rhondamouth  PA 01401,Port Savannah,Maryland,Greenland,West,Matthew
The Serene Loft,SMB,1970-11-17,9449 Jenkins Shore Derekstad  GA 94569,North Steven,South Carolina,Venezuela,South,Lynn
The Golden Creations,Exclusive,2020-01-14,287 Daniel Flats Suite 852 Dunnland  KS 44996,East Kennethhaven,Washington,Cocos (Keeling) Islands,West,Kim
The Purely Quest,Exclusive,1995-11-18,Unit 7832 Box 0180 DPO AP 75728,New Anthonystad,Wisconsin,Switzerland,South,Steven
The Trendy Treasures,Exclusive,2004-03-11,7243 Randy Plains Melissaside  FL 61470,New Kimberly,Florida,United States Virgin Islands,South,Jared
The Modern Essentials,MBO,1992-04-25,919 Timothy Road Apt. 733 East John  WY 28971,Smithbury,Oregon,Fiji,West,Michael
The Shimmer Haven,Outlet Stores,1974-12-07,315 Joseph Mountain Apt. 880 Lake Kimberlyfort  AS 55467,South Bridgetville,Wyoming,Uzbekistan,North,Felicia
The Luxe Essentials,Outlet Stores,2001-07-07,5475 Lynn Ferry Port Ariel  NJ 26747,Port Natalie,North Dakota,United States Minor Outlying Islands,East,Crystal
The Classy Cabinet,SMB,1991-01-17,USNV Horton FPO AA 12152,South Chelsea,Nevada,United States Virgin Islands,West,Gregory
The Artisan Hub,MBO,2008-08-04,Unit 1254 Box 2446 DPO AE 36920,Aaronburgh,Ohio,Mongolia,East,Paula
The Enchanted Nook,Outlet Stores,2016-03-22,937 Todd Squares Apt. 568 North Michaelview  MD 88342,New Jenniferbury,Rhode Island,United States of America,North,Susan
The Classy Merchant,Outlet Stores,2005-09-21,50885 Dawn Island Suite 442 South Conniechester  AR 97963,Mcneilton,Virginia,Vietnam,West,Alexander
The Modern Shop,SMB,2019-07-12,59610 Heather Plains Sanchezside  DC 69437,West Charles,Maine,Nauru,West,Charles
The Happy Essentials,Exclusive,2002-05-29,709 Joseph Rapid Suite 690 Ethanberg  DE 37202,Rodgersburgh,New Jersey,Guernsey,South,Melissa
The Rustic Marketplace,SMB,1989-11-29,736 Helen Parkway New Michelechester  AZ 53878,Davidside,Maryland,Kiribati,East,Michelle
The Trendy Boutique,MBO,1998-10-23,14227 Miller Trail Port Katherine  OR 60875,Port Ronnie,West Virginia,United Kingdom,East,Carol
The Stylish Shop,Exclusive,1999-10-26,859 Patel Garden Suite 474 East Tristan  OR 28584,Marieville,Massachusetts,Mayotte,East,Jeffrey
The Rustic Avenue,MBO,1992-01-05,973 Rebecca Hill Suite 547 Jenniferhaven  MH 89946,Stevenville,Vermont,Russian Federation,South,Bianca
The Stylish Quest,MBO,1994-08-19,67567 Vargas Skyway New Sharon  PR 95032,Emilyside,Nebraska,Cook Islands,North,Heather
The Classy Creations,Exclusive,1975-05-20,7215 Heather Shore Suite 827 Turnerville  PA 16830,Port Sarah,Indiana,Antigua and Barbuda,West,Bradley
The Purely Closet,Exclusive,1999-11-01,955 Gilbert Plain Bradleyport  VT 55398,West Thomasview,Wyoming,Tunisia,East,Misty
The Vintage Shoppe,MBO,1972-09-11,84856 Stafford Ville Suite 722 West Steven  WV 43495,Karenborough,Indiana,Palestinian Territory,North,William
The Harmony Elegance,MBO,2009-01-15,5773 Greene Via Apt. 692 Port Erinview  AR 65901,East Ashley,Rhode Island,Panama,East,Elizabeth
The Unique Deals,SMB,1977-05-05,6819 Chapman Fall Leonardhaven  WI 96835,Lake Donaldview,Michigan,Mali,North,Alexis
The Polished Nook,Outlet Stores,1984-06-19,9609 Garcia Field Apt. 191 Jasonborough  ID 33847,North Emmamouth,Georgia,Cape Verde,East,Jordan
The Elegant Shoppe,SMB,2009-07-15,27190 Allen Flats Apt. 132 Martinezhaven  WI 85006,New Stephenfort,Indiana,Azerbaijan,West,Adam
The Unique Nook,MBO,1992-09-08,091 Hunter Bypass North Johnathan  WI 19969,West Janetbury,Oklahoma,Ireland,North,Shawn
The Urban Perfection,Outlet Stores,1973-12-22,PSC 0482  Box 4203 APO AA 73949,Cartertown,Oklahoma,Guadeloupe,West,Sydney
The Polished Haven,MBO,1985-08-11,22666 Cynthia Plains Cowanbury  WV 81430,Mcguiretown,Hawaii,Libyan Arab Jamahiriya,East,Alan
The Classy Quest,Outlet Stores,2018-02-24,83125 Weaver Glen Jasonhaven  MI 27002,North Kristen,Nevada,Costa Rica,South,Cynthia
The Shimmer Avenue,Outlet Stores,1994-11-14,66096 Hunter Plain South Joseph  CT 50993,Joannbury,New Jersey,South Georgia and the South Sandwich Islands,East,Amy
The Cozy Enclave,Outlet Stores,2009-09-21,3287 Debbie Landing Suite 604 Kevinport  NM 59537,Davisport,Connecticut,Jordan,North,Jennifer
The Stylish Finds,MBO,1983-11-03,91050 Kyle Ports Matthewtown  VT 26705,East Jacob,North Carolina,Vietnam,North,Caleb
The Harmony Nook,SMB,1991-04-11,6448 Maria Mission Suite 153 Brownville  SD 65614,Christinaland,Colorado,Mauritania,South,Tammy
The Chic Sanctuary,Outlet Stores,1980-04-09,88952 Keith Square Apt. 243 New Melindamouth  FL 40658,North Gabriel,Nevada,Colombia,North,Phillip
The Vintage Corner,Exclusive,2025-01-25,1678 Robert Crossing Apt. 785 Jeffreyhaven  SD 33667,Port Christopher,Louisiana,French Southern Territories,North,Gregory
The Happy Closet,Outlet Stores,2013-10-18,2407 Stacey Branch Jacobsmouth  RI 62835,Bryanshire,California,Japan,North,Mary
The Polished Creations,Exclusive,2024-03-12,619 Joel Harbors Port Barry  HI 78154,Christopherport,Massachusetts,Timor-Leste,East,Lauren
The Whimsy Nook,SMB,1997-11-16,1448 Ashley Unions Apt. 677 West Angela  AS 74782,West Charlestown,New Hampshire,Bahrain,North,Larry
The Modern Reflections,Outlet Stores,1977-12-03,1352 Jennifer Springs Apt. 921 Basstown  HI 82182,Port Julia,Washington,Martinique,South,Carlos
The Purely Perfection,Outlet Stores,1988-10-20,24790 Smith Turnpike Suite 702 New Stacie  NC 53209,West Michael,Oklahoma,Cambodia,East,Nicholas
The Shimmer Merchant,Outlet Stores,2023-10-18,001 Shannon Divide Apt. 697 South Annaport  NY 35818,Reidport,Utah,Turkey,East,Julia
The Cozy Shoppe,MBO,1996-07-01,USS Garcia FPO AP 07355,New Williamberg,New York,Sierra Leone,West,Christian
The Elegant Sanctuary,SMB,1976-09-22,19650 Robert Islands Gibsonfurt  KY 07671,Johnsonberg,Rhode Island,Poland,South,Brian
The Blissful Sanctuary,SMB,2011-07-03,USCGC Sanchez FPO AA 01475,Langland,North Carolina,Saint Pierre and Miquelon,East,Angela
The Cozy Corner,Outlet Stores,2022-08-29,233 Dudley River Thomasport  AR 58296,Port Anthony,Georgia,Costa Rica,East,Brent
The Shimmer Enclave,SMB,1993-01-17,74435 Williams Parkway West Thomas  AS 49849,West David,Ohio,Dominica,North,Kathryn
The Trendy Essentials,Exclusive,1975-05-05,246 Torres Views Apt. 444 New Brian  HI 97056,Juliechester,Alaska,Kenya,North,Carol
The Urban Oasis,Exclusive,2020-09-03,462 Brent Prairie Hughesland  NY 70310,East Tracyport,Montana,Tajikistan,North,Dominique
